size,naive_s,legacy_s,fast_s,scipy_s,speedup_fast_vs_naive,speedup_fast_vs_legacy,speedup_fast_vs_scipy
100.0,0.04261523319873959,0.00024089198559522628,0.00022018359741196036,0.0004851166042499244,193.5440863880841,1.0940505488450205,2.203236798526269
500.0,1.1016930333920754,0.004932267009280622,0.004720966599415987,0.007576941791921854,233.36175128380734,1.0447578701130344,1.6049556022826275
1000.0,4.472789091593586,0.020146099990233778,0.019881550001446157,0.03142513339407742,224.97185034709273,1.0133063060359166,1.580617878977826
2000.0,18.016939433210062,0.09245045838179067,0.08386461660265923,0.1274417001986876,214.83362308292922,1.1023774045234136,1.5196122675012218
